epoch,loss_total,loss_cls,loss_box,loss_giou,val_map50,precision,recall,max_conf,lr,vram_mb,duration_sec
1,3.96354,0.53903,0.23227,0.86207,0.0001,0.0008,0.0573,0.1906,0.000998,98.0,236.3
2,3.84625,0.53548,0.22025,0.83703,0.0001,0.0008,0.0598,0.1718,0.000992,98.0,252.0
3,3.79681,0.53401,0.21266,0.83274,0.0001,0.0009,0.0628,0.2081,0.000982,98.0,208.5
4,3.78085,0.53168,0.21019,0.83328,0.0001,0.0009,0.0623,0.1697,0.000968,98.0,206.6
5,3.76464,0.53310,0.20730,0.83097,0.0001,0.0008,0.0578,0.2000,0.000951,98.0,209.1
6,3.74928,0.53355,0.20506,0.82844,0.0001,0.0009,0.0628,0.1887,0.000929,98.0,240.3
7,3.73829,0.53268,0.20296,0.82907,0.0001,0.0009,0.0653,0.1860,0.000905,98.0,243.1
8,3.72359,0.53138,0.20172,0.82612,0.0001,0.0010,0.0660,0.1980,0.000877,98.0,214.6
9,3.71643,0.53256,0.20072,0.82385,0.0001,0.0009,0.0653,0.1779,0.000846,98.0,214.6
10,3.71103,0.53130,0.20066,0.82257,0.0001,0.0011,0.0750,0.1849,0.000812,98.0,232.9
11,3.69112,0.53058,0.19839,0.81902,0.0001,0.0010,0.0678,0.1905,0.000776,98.0,265.1
12,3.68628,0.53031,0.19789,0.81810,0.0001,0.0011,0.0735,0.1911,0.000737,98.0,317.6
13,3.68024,0.53160,0.19581,0.81899,0.0001,0.0010,0.0655,0.1769,0.000697,98.0,266.8
14,3.67371,0.53032,0.19511,0.81877,0.0001,0.0010,0.0713,0.1867,0.000655,98.0,238.8
15,3.66916,0.53092,0.19527,0.81549,0.0001,0.0011,0.0747,0.1984,0.000612,98.0,274.6
16,3.66458,0.52985,0.19498,0.81500,0.0001,0.0010,0.0710,0.1871,0.000568,98.0,245.5
17,3.64894,0.52974,0.19260,0.81324,0.0001,0.0010,0.0717,0.1843,0.000523,98.0,211.3
18,3.64921,0.53097,0.19240,0.81264,0.0001,0.0011,0.0750,0.2100,0.000478,98.0,241.8
19,3.63477,0.52885,0.19085,0.81141,0.0001,0.0011,0.0745,0.1838,0.000433,98.0,244.5
20,3.63628,0.53034,0.19088,0.81059,0.0001,0.0012,0.0787,0.1889,0.000389,98.0,238.7
21,3.62728,0.53120,0.19001,0.80742,0.0001,0.0012,0.0817,0.1796,0.000346,98.0,294.2
22,3.62214,0.52797,0.18809,0.81288,0.0001,0.0012,0.0792,0.2166,0.000304,98.0,306.0
23,3.61321,0.52773,0.18848,0.80767,0.0001,0.0012,0.0837,0.2020,0.000264,98.0,297.8
