epoch,loss_total,loss_cls,loss_box,loss_giou,mAP50_mean,mAP50_survivor,mAP50_debris,precision,recall,max_conf,duration_sec
1,5.834190317851291,0.12341729551553726,1.275449275970459,4.35364294052124,0.00019526049346314163,0.00038031586395882136,1.0205122967461884e-05,0.00957557692120051,0.01973552126134693,0.519407023191452,511.76383090019226
2,5.735665792125767,0.1352744698524475,1.50653874874115,4.446981906890869,0.00025746968164850524,0.00041054088428880216,0.00010439847900820833,0.009866105154867997,0.02053859435438241,0.5165495485067361,454.7360098361969
3,5.717935486509494,0.12285328656435013,0.6153373718261719,2.7401647567749023,0.00022686853321007944,0.0004537370664201589,0.0,0.010644884199604335,0.02197743364607098,0.5402278563380236,490.29539799690247
4,5.694088966736782,0.26058071851730347,1.7036044597625732,4.467783451080322,0.0003201151366633147,0.0004843769807601712,0.0001558532925664582,0.011144258817286149,0.022499431156544042,0.5388142752647398,473.6973283290863
5,5.680866854531424,0.3216990530490875,1.3032011985778809,4.239191055297852,0.0005830192291218137,0.0005470475133165014,0.000618990944927126,0.01154255730126829,0.02299465956391592,0.5356554764509199,409.5899384021759
6,5.660002741917571,0.08406910300254822,4.243105411529541,3.6273300647735596,0.0003521378630098699,0.0005270765471919403,0.00017719917882779958,0.011634841001305555,0.024025270033311456,0.5483017742633818,406.3873701095581
7,5.649199107657333,0.0960681140422821,0.6023284792900085,3.084115743637085,0.0003455820238707258,0.0005578268401629846,0.000133337207578467,0.011861143886228503,0.024286268788547987,0.5545987665653227,404.1391451358795
8,5.646264682959125,0.10264971107244492,1.0811175107955933,2.9181551933288574,0.00034332161228110505,0.000591367930930119,9.527529363209108e-05,0.012411903543660386,0.02516295691511172,0.5607075318694112,430.93171668052673
9,5.637191661622276,0.1316593736410141,1.370901346206665,4.327808856964111,0.00045498776915022356,0.000576039874064763,0.0003339356642356841,0.012161460289871931,0.02491534271142578,0.5562103542685508,437.2666525840759
10,5.63561434087684,0.09915127605199814,0.9278756380081177,3.328010320663452,0.00032362857425130565,0.000571452028552015,7.580511995059633e-05,0.01244301350521787,0.025243264224415266,0.5647350877523419,408.7469210624695
11,5.625338512817827,0.11820214986801147,1.468374252319336,4.541782855987549,0.00043261362306932626,0.0006157944394403311,0.0002494328066983214,0.012793400677370633,0.026113260075203704,0.5708003333210945,418.5809383392334
12,5.622261913001681,0.19346687197685242,1.3071908950805664,4.168108940124512,0.0006992693046445463,0.0006080220498929734,0.0007905165593961194,0.012779742034878366,0.02597941455969779,0.5644596475362776,419.47748470306396
13,5.612588902939896,0.22778889536857605,1.3584754467010498,3.9548707008361816,0.0007645957523090617,0.000646340708732371,0.0008828507958857525,0.01329249434994208,0.02692302544401448,0.5549047204852103,419.6458978652954
14,5.611848897564498,0.3172414302825928,1.305489420890808,4.083313941955566,0.0008493264411619805,0.0006243222026763051,0.001074330679647656,0.01316326664998052,0.026755718549632088,0.5603187695145607,433.24531269073486
15,5.613059830146032,0.2104935348033905,1.5232429504394531,4.234825611114502,0.0007840707800793115,0.0006416507083302529,0.0009264908518283702,0.013236250246638945,0.02738479247250988,0.5787056204676626,427.6216895580292
16,5.596771829642049,0.2333185374736786,1.1709129810333252,3.8401660919189453,0.0008119182570440688,0.000677017744851104,0.0009468187692370335,0.013447075052166597,0.027987097292286493,0.5727457448840141,407.721314907074
17,5.60146411163755,0.1792900562286377,2.041858434677124,3.119617462158203,0.0006692832617058727,0.0006496872924719646,0.0006888792309397807,0.013526906312662283,0.027311177438981628,0.5740414199233055,407.2964916229248
18,5.5974905034820335,0.1265009641647339,1.2184544801712036,4.2493720054626465,0.0009187131223506489,0.00070589702328406,0.0011315292214172377,0.013892958377087188,0.028241403771747726,0.5639783778786657,418.0172345638275
19,5.593293368383412,0.15830257534980774,1.511570930480957,3.147120237350464,0.0007282223462844115,0.0007053183548441791,0.0007511263377246437,0.013848623986043956,0.028803554936872564,0.5825083094835278,489.0415680408478
20,5.595407365886698,0.16243146359920502,1.6012802124023438,4.080353736877441,0.0008213168744013585,0.0007022138801334229,0.000940419868669294,0.013513299832067754,0.028596094387838396,0.5788438498973845,430.5641849040985
21,5.580034162461325,0.12289632856845856,1.1112101078033447,3.883458137512207,0.0010076227652534389,0.0006885787883286313,0.0013266667421782466,0.013483415840797921,0.02856263300896192,0.5808369332551956,465.6992344856262
22,5.581533711412629,0.30773940682411194,1.3565219640731812,4.079358100891113,0.0007810978954020727,0.0006797117989544696,0.0008824839918496757,0.01397527502925018,0.02789340543143235,0.5711870527267451,425.6960060596466
23,5.5870196848169655,0.22062987089157104,1.5011928081512451,4.318817138671875,0.0010784001508226811,0.0006723549643628229,0.0014844453372825394,0.013885826166558451,0.027813098122128805,0.568622792065143,406.3395311832428
24,5.585540127234655,0.12069732695817947,1.6910473108291626,3.1006956100463867,0.0010196986068568017,0.0006879015978501686,0.0013514956158634348,0.013710458565925636,0.028796862661097267,0.5749966037273405,405.60486221313477
25,5.584042204494338,0.11641460657119751,1.3238482475280762,4.298722743988037,0.0009228795082497847,0.0007145080919729457,0.0011312509245266238,0.014081264123197384,0.028649632594040762,0.5736218935251236,411.5305497646332
26,5.5762677660288595,0.13513988256454468,1.1396418809890747,3.9642529487609863,0.0007709075363493775,0.0006894601814860996,0.0008523548912126554,0.014000883776712152,0.02820125011709595,0.5681481218338006,407.0697739124298
27,5.65649022952119,0.35197848081588745,1.453608512878418,4.275344371795654,0.0014989076873788848,0.0007739835720152891,0.0022238318027424805,0.014577486747710911,0.029627282449282578,0.5716119301319126,451.04225182533264
28,5.662009044651835,0.11823992431163788,2.154021739959717,3.8678743839263916,0.0012396728461940094,0.0007970506451026252,0.0016822950472853936,0.014586867918612714,0.029627282449282578,0.5700571212172508,411.493718624115
29,5.643782210407765,0.121124267578125,1.0464357137680054,3.722970485687256,0.00171301537337966,0.0007790355251422274,0.0026469952216170924,0.014358327458883319,0.03065710777505978,0.575869373977185,509.5983159542084
30,5.647750894324831,0.1942131221294403,1.281781792640686,4.1454901695251465,0.0015513272713308106,0.0008568269929018534,0.002245827549759768,0.015669742284410457,0.03121162910432443,0.5645216608047487,446.9440870285034
31,5.632930753594738,0.07417696714401245,0.2650480568408966,1.6670249700546265,0.0020010081959804275,0.0008427285454240353,0.0031592878465368196,0.015476190476160273,0.031409672436204655,0.5616001015901569,473.45325565338135
32,5.631523577410719,0.1385921686887741,1.230207920074463,4.281496524810791,0.001771822903409219,0.0008492020328445018,0.002694443773973936,0.015450270676066996,0.03097397710606815,0.5782935205101968,444.8104898929596
33,5.620128241347343,0.11771441251039505,1.1465389728546143,3.8722519874572754,0.0015520266739202902,0.0007180399458777334,0.002386013401962847,0.014576457645735941,0.0293896304510263,0.5695368209481247,402.1368100643158
34,5.62884323533453,0.18852123618125916,1.2034618854522705,4.054064750671387,0.0014210365687237205,0.0008451674099215873,0.001996905727525854,0.015184297967670226,0.031132411771572336,0.5798215511441236,453.62037539482117
35,5.619810010272712,0.18669885396957397,1.1099276542663574,3.9525270462036133,0.0017896586874036806,0.0008227822377743421,0.002756535137033019,0.015365975614417158,0.03164732443446094,0.5688156118988994,421.4823637008667
36,5.609533539695832,0.5381455421447754,1.5574945211410522,4.299816131591797,0.0015534909155064036,0.0008171045157184062,0.002289877315294401,0.015731819453852533,0.03117202043794838,0.5790891224145892,403.68180203437805
37,5.611273916812555,0.1293586790561676,0.9601977467536926,3.50175142288208,0.0019416817288437098,0.0009243878657226777,0.002958975591964742,0.016142834915170098,0.032875193092118365,0.5798973852396013,422.97283458709717
38,5.603919721977474,0.12569084763526917,1.4047396183013916,4.281866073608398,0.0018939545939902142,0.0008774156606464926,0.0029104935273339357,0.01573759151435265,0.03243949776198186,0.5804255488514901,426.08571791648865
39,5.60632132906602,0.1351058930158615,0.9564840793609619,3.7079195976257324,0.0013482403045162912,0.0008847200937526729,0.0018117605152799094,0.01563195263979641,0.03200380243184535,0.5659031084179881,461.00184655189514
40,5.60060657889156,0.14187464118003845,1.0184239149093628,3.7112953662872314,0.0017038264729791713,0.0007621096421556418,0.002645543303802701,0.015159957728859334,0.03125123777070048,0.5794158756732942,420.67810821533203
41,5.585471525030621,0.11756695061922073,0.7630335688591003,2.7380404472351074,0.001999893933460806,0.0009017083999899472,0.0030980794669316653,0.016399217221102935,0.033192062423126736,0.5765645530819893,430.8645100593567
42,5.581258514891525,0.13300788402557373,1.5657095909118652,3.831881046295166,0.0017379123007396295,0.0009895609898123194,0.0024862636116669396,0.01677036469796732,0.034697191745416495,0.5725863507390023,436.0325644016266
43,5.578977883583697,0.08314058929681778,0.6700404286384583,3.042391300201416,0.002510259619004758,0.0009689609777652447,0.004051558260244272,0.01688082640460321,0.03449914841353626,0.5736134004592897,436.2719085216522
44,5.588365851533903,0.45122775435447693,1.3763536214828491,4.095232009887695,0.0016034035209603044,0.001025003180009294,0.002181803861911315,0.017367772684093608,0.03406345308339975,0.5752339679002763,438.7631366252899
45,5.574818873232271,0.15071165561676025,1.2935000658035278,4.146414756774902,0.002121627450718062,0.0009491440572223324,0.0032941108442137916,0.016757353520982655,0.03366736641963929,0.5814645168185235,396.7677297592163
46,5.580666341735434,5.691263675689697,1.6861307621002197,4.554499626159668,0.002158880241008981,0.0009498275586068531,0.003367932923411109,0.016878242857987166,0.03259793242748604,0.5660947516560556,409.0241811275482
47,5.5704868405552235,0.08353773504495621,1.2010530233383179,2.1766586303710938,0.0015172442568065325,0.0009037926848521662,0.0021306958287608986,0.016445389274364355,0.032479106428357905,0.5771794050931933,408.4939033985138
48,5.574414664838851,0.2906746566295624,1.2638367414474487,4.081693172454834,0.003353546682638296,0.0009016526409935823,0.00580544072428301,0.016544117647025767,0.032795975759366276,0.5741221776604657,411.17250895500183
49,5.571905455346835,0.2036518156528473,1.3156663179397583,4.378518104553223,0.002378501952003535,0.0008729574029544287,0.0038840465010526416,0.01571847730820463,0.03267714976023814,0.5735094976425172,454.86508083343506
50,5.567256414861425,0.1073841080069542,1.1235557794570923,4.291322708129883,0.002047521024633207,0.0008867422699885084,0.0032082997792779056,0.01587663324214548,0.03311284509037465,0.5752511742711073,414.5008533000946
51,5.561177336852141,0.1071791723370552,1.012900948524475,3.0410757064819336,0.0027260942055419594,0.0009846727559483077,0.004467515655135611,0.01701297434393325,0.03453875707991231,0.5780055433511735,409.4309284687042
52,5.575703318413464,0.1864628791809082,1.4019854068756104,4.312621116638184,0.001705835908662337,0.0009255938572577439,0.0024860779600669298,0.016157106099560774,0.03382580108514348,0.5827573323249817,482.72618293762207
53,5.567816502822802,0.11926796287298203,1.0437743663787842,3.6763105392456055,0.001556398139489758,0.0009402394519720306,0.002172556827007485,0.016433964814675794,0.03370697508601534,0.579751504659653,400.4638738632202
54,5.55628825734949,0.16851863265037537,1.1092058420181274,3.5692384243011475,0.002149970504909366,0.0009818753393201574,0.0033180656704985744,0.017057779530630927,0.034261496415279986,0.578713795542717,391.93109822273254
55,5.5529224009548495,0.16975073516368866,1.3673672676086426,4.056628704071045,0.0018722431008487148,0.0009451594966569382,0.0027993267050404913,0.01646883706725608,0.0341822790825279,0.580814730525017,384.7873511314392
56,5.562396088754871,0.08986317366361618,1.0164523124694824,3.2536959648132324,0.002438672575355051,0.0009927290049826054,0.0038846161457274974,0.01681091558076952,0.034697191745416495,0.5821159213781361,394.2890799045563
57,5.553832832895237,0.23979417979717255,1.5140641927719116,4.548065662384033,0.002220372200609571,0.0009521938520818749,0.003488550549137267,0.01691617360914721,0.03374658375239139,0.5764033976197243,389.51890301704407
58,5.565254160047443,0.18575520813465118,1.1783791780471802,4.082766056060791,0.0023806848251828497,0.0009248056104318995,0.0038365640399338,0.016979702189507034,0.032835584425742324,0.5704024469852448,380.3152365684509
59,5.553774583137642,0.19629943370819092,1.0161641836166382,3.710820198059082,0.0025193689224520446,0.0009372865484146983,0.004101451296489391,0.016937276021508064,0.03350893175413511,0.5773983222246172,404.12701511383057
60,5.558800243580889,0.18149158358573914,1.2851269245147705,4.145176410675049,0.0022663309842384845,0.0009773380526231902,0.003555323915853779,0.01735850587062771,0.03390501841789557,0.5736076861619953,394.46359157562256
49,7.384614233093759,0.5912716388702393,1.4864851236343384,4.826456069946289,0.0038910613587127985,0.0006557039710860205,0.007126418746339577,0.013087766880024321,0.030309669880000657,0.5624416375160216,518.8668186664581
50,7.354233333413307,2.2611749172210693,1.870944857597351,5.370893478393555,0.003758693877111037,0.0007153370492022698,0.006802050705019804,0.013621950430293076,0.03074788197465127,0.557635430395603,446.16671109199524
51,7.348009965105856,0.5381953120231628,1.7078304290771484,5.140676021575928,0.002560883518512673,0.0006442362389790893,0.004477530798046256,0.012441776860757004,0.029068068945157257,0.5600950413942336,440.32326674461365
52,7.326849528573153,1.5245236158370972,2.0755016803741455,5.494513511657715,0.0034467079437361975,0.0006647917922823789,0.006228624095190016,0.012561358577967129,0.030090563832675353,0.5676773527264591,440.4767425060272
53,7.3292361805306685,0.28889939188957214,2.1863961219787598,5.675022602081299,0.003907538630202045,0.0006168273540611476,0.007198249906342943,0.012498456980581106,0.029579316388916303,0.5596964704990385,450.40203857421875
54,7.320145114591513,0.7747886180877686,2.150247573852539,5.273540496826172,0.003094810824184062,0.0005683237309145953,0.005621297917453529,0.012110996660073942,0.028337715454072904,0.5656632465124127,461.4934015274048
55,7.306656819821961,0.28443747758865356,1.6404739618301392,4.91519021987915,0.003425604977125324,0.0006614421759269148,0.006189767778323733,0.012486228424493553,0.02979842243624161,0.5582482069730756,442.89675211906433
56,7.29012308338651,0.3363858759403229,1.3203986883163452,4.58981466293335,0.0031258678589752157,0.0007555765118602475,0.005496159206090184,0.013399241435013993,0.031478235465735624,0.5568307289481162,444.24374628067017
57,7.298643965197076,0.9208301305770874,1.86232590675354,5.079545497894287,0.003803992868102731,0.0006281535876670238,0.0069798321485384385,0.012877553578102276,0.030017528483566917,0.5549748638272285,441.31602001190186
58,7.295146039313149,0.41009196639060974,2.0190773010253906,4.545050144195557,0.003253895472310308,0.0007115666824340889,0.005796224262186528,0.012725892179156489,0.0306018112764344,0.5604750072956084,443.43714714050293
59,7.283054939162096,0.5071479678153992,1.6182057857513428,4.848552703857422,0.003322696849360696,0.000684335208818867,0.005961058489902525,0.013337639270100636,0.03016359918178379,0.5591774615645406,511.2146906852722
60,7.284566433567218,0.15159736573696136,1.3642218112945557,5.079441070556641,0.0035557351701620667,0.0005986247286565789,0.006512845611667555,0.012325646706361514,0.02884896289783195,0.564004907310009,453.3186573982239
61,7.273712624144113,0.21497882902622223,1.4666223526000977,5.106956958770752,0.004281112651845721,0.0007040603862521835,0.007858164917439257,0.013482934188152985,0.03133216476751875,0.5658095318078995,443.1131184101105
62,7.265677598926266,0.6099992394447327,2.143305540084839,5.675821304321289,0.0033586523055240355,0.0006083810198535585,0.006108923591194512,0.012216566404404699,0.028921998246940386,0.5548339879512786,448.49160647392273
63,7.264087056439123,0.43348535895347595,1.7974514961242676,5.248270034790039,0.003430897571325478,0.0006940733819296102,0.006167721760721345,0.013331227294224195,0.030820917323759706,0.5576946952939031,501.1208574771881
64,7.261881790949808,0.16996511816978455,1.5298495292663574,4.392637252807617,0.004168088988993271,0.0007506956466777914,0.0075854823313087506,0.013232856066275108,0.0320625182586031,0.5570215457677838,447.7149648666382
65,7.255239083017177,0.2390117198228836,1.4516934156417847,5.18137264251709,0.003927478316471176,0.0007048290259086984,0.007150127607033654,0.013028017901989368,0.03104002337108501,0.5598856863379477,444.1211540699005
66,7.2443681935880075,0.5091407299041748,1.6136373281478882,5.0191850662231445,0.003259769904623478,0.0006577579904160866,0.005861781818830869,0.012971475347859166,0.030090563832675353,0.5505249771475791,508.71019673347473
67,7.251917410467603,0.237616166472435,1.3882027864456177,5.068356513977051,0.0037196792829248464,0.000703859623359857,0.006735498942489836,0.013045768646732217,0.03074788197465127,0.5578139585256575,448.2461564540863
68,7.241986614575972,0.4878980219364166,1.6749317646026611,5.248927116394043,0.0027649638740041456,0.0007142032607995487,0.0048157244872087425,0.012809693170134397,0.03104002337108501,0.5658056440949438,444.3524296283722
69,7.230569910043212,0.43323057889938354,1.8537845611572266,5.111861705780029,0.0035715864441966203,0.000673320686282348,0.006469852202110892,0.01275353411182313,0.030309669880000657,0.5651380324363704,445.2412152290344
70,7.23225110659013,0.4765477776527405,1.9772849082946777,5.583148002624512,0.0033616639489564316,0.0006402801252034299,0.006083047772709433,0.012355188562939502,0.029287174992482564,0.5610054641962049,444.89824891090393
71,7.2186399087293625,0.5811291337013245,1.636200189590454,5.138723373413086,0.002901656429426245,0.0006938963784057427,0.005109416480446747,0.012601315185769684,0.030090563832675353,0.5547393169999122,446.2136662006378
72,7.229909982982217,0.3986431062221527,1.6333460807800293,4.834864616394043,0.0033116718148510837,0.0006424317548154006,0.0059809118748867665,0.01292898564498232,0.02979842243624161,0.5606849694252012,452.02194476127625
73,7.207714938494793,0.3182274103164673,1.713281512260437,5.188422203063965,0.0028258541781408185,0.0007187067137408951,0.004933001642540742,0.012749720808993828,0.030017528483566917,0.5614638355374335,460.3817563056946
74,7.213416489735002,0.3174738585948944,2.185868978500366,4.447904109954834,0.003566666236236707,0.0008088267948172978,0.006324505677656116,0.013180865921749357,0.0330850131461212,0.5621586868166918,493.48159980773926
75,7.206432028615825,0.977318525314331,2.029186487197876,5.410208225250244,0.003182476406453516,0.0007236468497202068,0.005641305963186825,0.013132340700967563,0.031113058720193446,0.5622349512577057,440.16024804115295
76,7.205506704058559,0.29455873370170593,1.7981808185577393,5.226027965545654,0.003359006412457313,0.0007857084892453055,0.005932304335669321,0.013469662646135219,0.03213555360771154,0.5591350832581519,427.3755393028259
77,7.2179847313608,0.4753207266330719,1.665727138519287,5.171828269958496,0.0032891940253308833,0.0006974262614049575,0.005880961789256809,0.013189596589815316,0.03118609406930188,0.5585102292895316,427.4604561328888
78,7.195621214442206,0.6749905347824097,1.6604114770889282,4.918299198150635,0.0032805429855285962,0.0007503381357745202,0.005810747835282673,0.013125134478796529,0.03118609406930188,0.5601081338524817,428.60692262649536
79,7.200216491541484,0.9102811217308044,1.9651721715927124,5.335915565490723,0.005095899376937794,0.0007814066449755962,0.009410392108899992,0.014021063316793488,0.03228162430592841,0.5620622450113293,426.5639567375183
80,7.196905360777048,0.32393109798431396,1.5973560810089111,5.291823387145996,0.004261981924510828,0.0007885208603677599,0.007735442988653896,0.013722751836742599,0.033011977797012766,0.5580360040068626,427.3439383506775
81,7.180928615283655,0.4388168156147003,1.7001827955245972,5.091447830200195,0.0035586588921124283,0.0007583667873866263,0.00635895099683823,0.01344902386112969,0.03169734151306093,0.5600843766331672,463.56148767471313
82,7.204223773424981,0.2580053508281708,1.746118426322937,5.299961566925049,0.003980080121004097,0.0007677019246198926,0.007192458317388302,0.013845325222526865,0.03191644756038624,0.5590810593962667,438.4459218978882
83,7.20634815768137,0.2516798973083496,1.6190681457519531,5.0311079025268555,0.003138095074598839,0.0008056604014173212,0.005470529747780357,0.013594258796707046,0.03140520011662719,0.5575130474567411,425.01638627052307
84,7.205572130890225,0.3495984971523285,1.7231661081314087,4.9892048835754395,0.0038017268954461205,0.0007316661732225925,0.006871787617669649,0.01307913324550138,0.03191644756038624,0.5615269616246222,426.37382221221924
85,7.188803450716203,1.128873586654663,2.0123605728149414,5.091065406799316,0.003385406847451572,0.0007677582059233822,0.006003055488979762,0.013338239352364584,0.03177037686216937,0.5616480821371078,427.67283844947815
86,7.196800098585227,0.8421215415000916,1.7154868841171265,5.23372745513916,0.003711508126701894,0.0007702834437898264,0.0066527328096139616,0.013639760837027778,0.031989482909494674,0.5601795396208763,428.1532506942749
87,7.192642509223846,0.178358793258667,1.4919251203536987,5.118986129760742,0.0030414372344824154,0.0007727446036427675,0.005310129865322063,0.013398672538882828,0.03155127081484406,0.5610194611549376,481.92370867729187
88,7.187552098740172,0.28588828444480896,1.713465929031372,5.283848762512207,0.0029539137363539963,0.0007854555395928806,0.005122371933115112,0.013599699868650035,0.03177037686216937,0.560804848372936,464.61942744255066
89,7.178069455579523,0.5000927448272705,1.4634244441986084,5.1546549797058105,0.003627987540263327,0.0007485191235845575,0.006507455956942097,0.013142461880806163,0.03191644756038624,0.5626274999976157,468.41317653656006
90,7.1749201038846255,0.6693885922431946,1.611402153968811,5.152008533477783,0.003519672653307361,0.0007523313092476364,0.006287013997367086,0.013844822613165898,0.03155127081484406,0.5542228284478186,477.2141754627228
91,7.191778877743959,0.2855912148952484,1.6088576316833496,5.1107378005981445,0.0043956737842293465,0.0007845238661056027,0.00800682370235309,0.013732118065993445,0.03323108384433807,0.5631383797526358,437.64893913269043
92,7.1886919860092675,0.276883989572525,1.4180943965911865,5.0336408615112305,0.00432999627168555,0.0007800181801306614,0.007879974363240439,0.013856380488675041,0.03242769500414528,0.5600782841444015,425.8698284626007
93,7.18210139082617,0.7451900839805603,1.7483489513397217,5.299921989440918,0.0036352328294011783,0.0008179436386980107,0.006452522020104346,0.01423146877687791,0.03257376570236215,0.5568238839507103,449.0715608596802
94,7.188845611111513,0.31879276037216187,1.6185431480407715,5.059351921081543,0.003243309782977245,0.0007506207316188535,0.005735998834335636,0.013504176873269567,0.03140520011662719,0.5579604205489155,448.45201301574707
95,7.18116197907756,0.40819698572158813,1.78086519241333,5.459599018096924,0.004133314782712728,0.0007767568388858559,0.007489872726539599,0.013854099019655954,0.032719836400579023,0.5601800954341888,429.2457947731018
96,7.180030275869941,0.2625696659088135,1.5914226770401,5.103073596954346,0.003126728528558985,0.000718089917954111,0.005535367139163859,0.01322906685620119,0.03125912941841032,0.560577834546566,430.2083258628845
97,7.181247253542496,0.32070598006248474,1.4504714012145996,4.824860095977783,0.003287568099925482,0.0007567797218449273,0.005818356478006037,0.013658351512808945,0.03155127081484406,0.5574211221933364,430.16956639289856
98,7.188537514118946,0.24005639553070068,1.396733283996582,4.955898284912109,0.0038932434618994855,0.0007309144461516142,0.007055572477647357,0.013267253586119352,0.031478235465735624,0.5594173219799995,435.7429668903351
99,7.168297004907253,0.1840541809797287,1.538267731666565,5.131306171417236,0.004417679780318541,0.0008108764066532424,0.00802448315398384,0.014107025298554478,0.032865907098795895,0.5585384207963939,450.94007992744446
100,7.1825591150642865,0.4627061188220978,1.611363410949707,4.770387172698975,0.003436300754108577,0.0007751319662272816,0.006097469541989873,0.01352511807638617,0.032208588956819974,0.5603769376873969,437.1701819896698
